fec.gov
title,Two Year Summary
description,2016 Itemized Individual Contributions
timestamp,Tue Feb 28 16:47:05 GMT 2017
copyright,"Copyright 2012, Federal Election Commission."
cmte_id,C00497842
cmte_nm,STRATEGY PAC
"Contributor Name","Employer","Occupation","Description","City","State","Zip","Receipt Date","Amount","Memo Code","Report Type","Report Year","Image Number","Transaction Code","Other Id","Candidate Id","Transaction PGI",
"BECKER, RICHARD C. MR. JR.","RETIRED","RETIRED","CONTRIBUTION","MILWAUKEE","WI","53211","06/13/2015","$5,000.00","","MY","2015","http://docquery.fec.gov/cgi-bin/fecimg/?201508249000928431","15","","","P",
"BRANDSER, JOHN S. JR.","FIDUCIARY MANAGEMENT INC","PRESIDENT","CONTRIBUTION","SHOREWOOD","WI","53211","02/04/2015","$5,000.00","","MY","2015","http://docquery.fec.gov/cgi-bin/fecimg/?201508249000928418","15","","","P",
"BUSCH, AUGUST III","RETIRED","RETIRED","CONTRIBUTION","SAINT PETERS","MO","63376","05/21/2015","$5,000.00","","MY","2015","http://docquery.fec.gov/cgi-bin/fecimg/?201508249000928429","15","","","P",
"CARPENTER, CAROL A.","RETIRED","RETIRED","CONTRIBUTION","MILWAUKEE","WI","53217","02/24/2015","$1,000.00","","MY","2015","http://docquery.fec.gov/cgi-bin/fecimg/?201508249000928423","15","","","P",
"CURLER, JEFFREY H. MR.","RETIRED","RETIRED","CONTRIBUTION/SEE REATTRIBUTION","NEENAH","WI","54956","02/09/2015","$10,000.00","","MY","2015","http://docquery.fec.gov/cgi-bin/fecimg/?201508249000928418","","","","",
"CURLER, JEFFREY H. MR.","RETIRED","RETIRED","CONTRIBUTION/REATTRIBUTION TO SPOUSE","NEENAH","WI","54956","02/09/2015","($5,000.00)","X","MY","2015","http://docquery.fec.gov/cgi-bin/fecimg/?201508249000928418","15","","","P",
"CURLER, LEA M. MRS.","HOMEMAKER","HOMEMAKER","CONTRIBUTION/REATTRIBUTION FROM SPOUSE","NEENAH","WI","54957","02/09/2015","$5,000.00","X","MY","2015","http://docquery.fec.gov/cgi-bin/fecimg/?201508249000928419","15","","","P",
"DYKEMA, JOHN N.","CIRCLE PACKAGIN MACHINERY INC","PRESIDENT","CONTRIBUTION","DE PERE","WI","54115","03/31/2015","$5,000.00","","MY","2015","http://docquery.fec.gov/cgi-bin/fecimg/?201508249000928428","15","","","P",
"DYKEMA, LISA","CIRCLE PACKAGING MACHINERY","VICE PRESIDENT","CONTRIBUTION","DE PERE","WI","54115","03/31/2015","$5,000.00","","MY","2015","http://docquery.fec.gov/cgi-bin/fecimg/?201508249000928428","15","","","P",
"ENGLISH, PATRICK J. MR.","FIDUCIARY MANAGEMENT","INVESTMENTS","CONTRIBUTION/SEE REATTRIBUTION","WAUWATOSA","WI","53213","02/10/2015","$5,000.00","","MY","2015","http://docquery.fec.gov/cgi-bin/fecimg/?201508249000928420","","","","",
"ENGLISH, PATRICK J. MR.","FIDUCIARY MANAGEMENT","INVESTMENTS","CONTRIBUTION/REATTRIBUTION TO SPOUSE","WAUWATOSA","WI","53213","02/12/2015","($5,000.00)","X","MY","2015","http://docquery.fec.gov/cgi-bin/fecimg/?201508249000928420","15","","","P",
"ENGLISH, PATRICK J. MR.","FIDUCIARY MANAGEMENT","INVESTMENTS","CONTRIBUTION","WAUWATOSA","WI","53213","02/10/2015","$5,000.00","","MY","2015","http://docquery.fec.gov/cgi-bin/fecimg/?201508249000928421","15","","","P",
"ENGLISH, RACHEL A.","SELF","PHYSICIAN","CONTRIBUTION/REATTRIBUTION / REDESIGNATION REQUESTED (AUTOMATIC) REATTRIBUTION FROM SPOUSE","MILWAUKEE","WI","53213","02/12/2015","$5,000.00","X","MY","2015","http://docquery.fec.gov/cgi-bin/fecimg/?201508249000928421","15","","","P",
"GRAINGER, DAVID W. MR.","W.W. GRAINGER INC.","CEO","CONTRIBUTION","LAKE FOREST","IL","60045","02/12/2015","$5,000.00","","MY","2015","http://docquery.fec.gov/cgi-bin/fecimg/?201508249000928422","15","","","P",
"HAYDEN, JERRY L.","RETIRED","RETIRED","CONTRIBUTION/REATTRIBUTION FROM SPOUSE","BARRINGTON","IL","60010","07/27/2015","$5,000.00","X","YE","2015","http://docquery.fec.gov/cgi-bin/fecimg/?201612089040068817","15","","","P",
"HAYDEN, MARILYN","RETIRED","RETIRED","CONTRIBUTION/SEE REATTRIBUTION","BARRINGTON","IL","60010","07/25/2015","$10,000.00","","YE","2015","http://docquery.fec.gov/cgi-bin/fecimg/?201612089040068817","15","","","P",
"HAYDEN, MARILYN","RETIRED","RETIRED","CONTRIBUTION/REATTRIBUTION TO SPOUSE","BARRINGTON","IL","60010","07/27/2015","($5,000.00)","X","YE","2015","http://docquery.fec.gov/cgi-bin/fecimg/?201612089040068817","15","","","P",
"KUBLY, BILLIE MRS.","RETIRED","RETIRED","CONTRIBUTION/SEE REATTRIBUTION","RIVER HILLS","WI","53217","02/24/2015","$10,000.00","","MY","2015","http://docquery.fec.gov/cgi-bin/fecimg/?201508249000928424","","","","",
"KUBLY, BILLIE MRS.","RETIRED","RETIRED","CONTRIBUTION/REATTRIBUTION TO SPOUSE","RIVER HILLS","WI","53217","02/24/2015","($5,000.00)","X","MY","2015","http://docquery.fec.gov/cgi-bin/fecimg/?201508249000928424","15","","","P",
"KUBLY, MICHAEL C. DR.","RETIRED","RETIRED","CONTRIBUTION/REATTRIBUTION / REDESIGNATION REQUESTED (AUTOMATIC) REATTRIBUTION FROM SPOUSE","NAPLES","FL","34102","02/24/2015","$5,000.00","X","MY","2015","http://docquery.fec.gov/cgi-bin/fecimg/?201508249000928424","15","","","P",
"LYNCH, BARBARA MRS.","-","-","CONTRIBUTION/SEE REATTRIBUTION","MEQUON","WI","53092","02/09/2015","$10,000.00","","MY","2015","http://docquery.fec.gov/cgi-bin/fecimg/?201508249000928419","","","","",
"LYNCH, BARBARA MRS.","-","-","CONTRIBUTION/REATTRIBUTION TO SPOUSE","MEQUON","WI","53092","02/09/2015","($5,000.00)","X","MY","2015","http://docquery.fec.gov/cgi-bin/fecimg/?201508249000928419","15","","","P",
"LYNCH, DONALD R. MR.","RETIRED","RETIRED","CONTRIBUTION/REATTRIBUTION FROM SPOUSE","MILWAUKEE","WI","53211","02/09/2015","$5,000.00","X","MY","2015","http://docquery.fec.gov/cgi-bin/fecimg/?201508249000928420","15","","","P",
"MCKEITHAN, DANIEL F. MR. JR.","TAMARACK PETROLEUM COMPANY","CHAIRMAN & CEO","CONTRIBUTION","MILWAUKEE","WI","53202","02/24/2015","$5,000.00","","MY","2015","http://docquery.fec.gov/cgi-bin/fecimg/?201508249000928425","15","","","P",
"MOSHER, GEORGE A. MR.","RETIRED","RETIRED","CONTRIBUTION/REATTRIBUTION / REDESIGNATION REQUESTED (AUTOMATIC) REATTRIBUTION FROM SPOUSE","MILWAUKEE","WI","53202","05/27/2015","$5,000.00","X","MY","2015","http://docquery.fec.gov/cgi-bin/fecimg/?201508249000928430","15","","","P",
"MOSHER, JULIE A.","RETIRED","RETIRED","CONTRIBUTION/SEE REATTRIBUTION","MILWAUKEE","WI","53202","05/25/2015","$10,000.00","","MY","2015","http://docquery.fec.gov/cgi-bin/fecimg/?201508249000928430","","","","",
"MOSHER, JULIE A.","RETIRED","RETIRED","CONTRIBUTION/REATTRIBUTION TO SPOUSE","MILWAUKEE","WI","53202","05/27/2015","($5,000.00)","X","MY","2015","http://docquery.fec.gov/cgi-bin/fecimg/?201508249000928430","15","","","P",
"NICHOLAS, ALBERT O. MR.","NICHOLAS COMPANY INC","INVESTMENTS","CONTRIBUTION","HARTLAND","WI","53029","02/26/2015","$5,000.00","","MY","2015","http://docquery.fec.gov/cgi-bin/fecimg/?201508249000928426","15","","","P",
"NICHOLAS, NANCY MRS.","NICHOLAS COMPANY INC","OWNER","CONTRIBUTION","HARTLAND","WI","53029","02/26/2015","$5,000.00","","MY","2015","http://docquery.fec.gov/cgi-bin/fecimg/?201508249000928426","15","","","P",
"RYAN, CHARLES E. MR.","U. F G ASSET MGT","BANKER","CONTRIBUTION","WAYNE","PA","19087","12/22/2015","$2,700.00","","YE","2015","http://docquery.fec.gov/cgi-bin/fecimg/?201612089040068818","15","","","P",
"SCHIERL, CAROL MRS.","RETIRED","RETIRED","CONTRIBUTION","GREEN BAY","WI","54301","02/10/2015","$5,000.00","","MY","2015","http://docquery.fec.gov/cgi-bin/fecimg/?201508249000928421","15","","","P",
"SCHIERL, PAUL J. MR.","CORNERSTONE FOUNDATION","RETIRED","CONTRIBUTION","GREEN BAY","WI","54301","02/10/2015","$5,000.00","","MY","2015","http://docquery.fec.gov/cgi-bin/fecimg/?201508249000928422","15","","","P",
"SCHUEMANN, MARGARET S. MRS.","NONE","HOMEMAKER","CONTRIBUTION","MILWAUKEE","WI","53217","02/24/2015","$5,000.00","","MY","2015","http://docquery.fec.gov/cgi-bin/fecimg/?201508249000928425","15","","","P",
"SCHUEMANN, ROBERT J. MR.","RETIRED","RETIRED","CONTRIBUTION","RIVER HILLS","WI","53217","02/24/2015","$5,000.00","","MY","2015","http://docquery.fec.gov/cgi-bin/fecimg/?201508249000928425","15","","","P",
"SCHUETTE, CONNIE MS.","HOMEMAKER","HOMEMAKER","CONTRIBUTION/SEE REATTRIBUTION","WAUSAU","WI","54401","03/31/2015","$10,000.00","","MY","2015","http://docquery.fec.gov/cgi-bin/fecimg/?201508249000928428","","","","",
"SCHUETTE, CONNIE MS.","HOMEMAKER","HOMEMAKER","CONTRIBUTION/REATTRIBUTION TO SPOUSE","WAUSAU","WI","54401","03/31/2015","($5,000.00)","X","MY","2015","http://docquery.fec.gov/cgi-bin/fecimg/?201508249000928429","15","","","P",
"SCHUETTE, RUTH J. MS.","HOMEMAKER","HOMEMAKER","CONTRIBUTION","WAUSAU","WI","54401","07/02/2015","$5,000.00","","YE","2015","http://docquery.fec.gov/cgi-bin/fecimg/?201612089040068818","15","","","P",
"SCHUETTE, THOMAS MR.","WAUSAU HOMES","PRESIDENT","CONTRIBUTION/REATTRIBUTION / REDESIGNATION REQUESTED (AUTOMATIC) REATTRIBUTION FROM SPOUSE","WAUSAU","WI","54401","03/31/2015","$5,000.00","X","MY","2015","http://docquery.fec.gov/cgi-bin/fecimg/?201508249000928429","15","","","P",
"SINGER, PAUL MR.","ELLIOTT MANAGEMENT","PRINCIPAL","CONTRIBUTION","NEW YORK","NY","10024","10/19/2016","$5,000.00","","30G","2016","http://docquery.fec.gov/cgi-bin/fecimg/?201612089040068690","15","","","P",
"SMITH, HAROLD B.","RETIRED","RETIRED","CONTRIBUTION","CHICAGO","IL","60606","02/27/2015","$5,000.00","","MY","2015","http://docquery.fec.gov/cgi-bin/fecimg/?201508249000928426","15","","","P",
"WHITE, CATHY MRS.","HOMEMAKER","HOMEMAKER","CONTRIBUTION/REATTRIBUTION / REDESIGNATION REQUESTED (AUTOMATIC) REATTRIBUTION FROM SPOUSE","MILWAUKEE","WI","53217","03/18/2015","$5,000.00","X","MY","2015","http://docquery.fec.gov/cgi-bin/fecimg/?201508249000928427","15","","","P",
"WHITE, MIKE H. MR.","RITE-HITE HOLDING CORP","CHAIRMAN","CONTRIBUTION/SEE REATTRIBUTION","RIVER HILLS","WI","53217","03/16/2015","$10,000.00","","MY","2015","http://docquery.fec.gov/cgi-bin/fecimg/?201508249000928427","","","","",
"WHITE, MIKE H. MR.","RITE-HITE HOLDING CORP","CHAIRMAN","CONTRIBUTION/REATTRIBUTION TO SPOUSE","RIVER HILLS","WI","53217","03/18/2015","($5,000.00)","X","MY","2015","http://docquery.fec.gov/cgi-bin/fecimg/?201508249000928427","15","","","P",
"WILKEY, RICHARD L.","FISHER BARTON INC","CEO","CONTRIBUTION/SEE REATTRIBUTION","HARTLAND","WI","53029","02/13/2015","$10,000.00","","MY","2015","http://docquery.fec.gov/cgi-bin/fecimg/?201508249000928422","","","","",
"WILKEY, RICHARD L.","FISHER BARTON INC","CEO","CONTRIBUTION/REATTRIBUTION TO SPOUSE","HARTLAND","WI","53029","02/13/2015","($5,000.00)","X","MY","2015","http://docquery.fec.gov/cgi-bin/fecimg/?201508249000928423","15","","","P",
"WILKEY, SUSAN L.","HOMEMAKER","HOMEMAKER","CONTRIBUTION/REATTRIBUTION / REDESIGNATION REQUESTED (AUTOMATIC) REATTRIBUTION FROM SPOUSE","HARTLAND","WI","53029","02/13/2015","$5,000.00","X","MY","2015","http://docquery.fec.gov/cgi-bin/fecimg/?201508249000928423","15","","","P",
